Patient_Index,Cancer_Class_ID,Cancer_Name,SRA_Run_Accession,Study_Title
1,10,Non-Hodgkin Lymphoma,SRR40709660,Clinical Non-Hodgkin Lymphoma Exome Sequencing Cohort
2,10,Non-Hodgkin Lymphoma,SRR40709662,Clinical Non-Hodgkin Lymphoma Exome Sequencing Cohort
3,10,Non-Hodgkin Lymphoma,SRR40709663,Clinical Non-Hodgkin Lymphoma Exome Sequencing Cohort
4,10,Non-Hodgkin Lymphoma,SRR40709667,Clinical Non-Hodgkin Lymphoma Exome Sequencing Cohort
5,10,Non-Hodgkin Lymphoma,SRR40709668,Clinical Non-Hodgkin Lymphoma Exome Sequencing Cohort
6,10,Non-Hodgkin Lymphoma,SRR40709671,Clinical Non-Hodgkin Lymphoma Exome Sequencing Cohort
7,10,Non-Hodgkin Lymphoma,SRR40709672,Clinical Non-Hodgkin Lymphoma Exome Sequencing Cohort
8,10,Non-Hodgkin Lymphoma,SRR40709674,Clinical Non-Hodgkin Lymphoma Exome Sequencing Cohort
9,10,Non-Hodgkin Lymphoma,SRR40709676,Clinical Non-Hodgkin Lymphoma Exome Sequencing Cohort
10,10,Non-Hodgkin Lymphoma,SRR40709677,Clinical Non-Hodgkin Lymphoma Exome Sequencing Cohort
11,10,Non-Hodgkin Lymphoma,SRR40709679,Clinical Non-Hodgkin Lymphoma Exome Sequencing Cohort
12,10,Non-Hodgkin Lymphoma,SRR40709680,Clinical Non-Hodgkin Lymphoma Exome Sequencing Cohort
13,10,Non-Hodgkin Lymphoma,SRR40709681,Clinical Non-Hodgkin Lymphoma Exome Sequencing Cohort
14,10,Non-Hodgkin Lymphoma,SRR40709682,Clinical Non-Hodgkin Lymphoma Exome Sequencing Cohort
15,10,Non-Hodgkin Lymphoma,SRR40709683,Clinical Non-Hodgkin Lymphoma Exome Sequencing Cohort
16,10,Non-Hodgkin Lymphoma,SRR40709684,Clinical Non-Hodgkin Lymphoma Exome Sequencing Cohort
17,10,Non-Hodgkin Lymphoma,SRR40709685,Genomic profiling of non-Hodgkin lymphoma exome cohort
18,10,Non-Hodgkin Lymphoma,SRR40709686,Genomic profiling of non-Hodgkin lymphoma exome cohort
19,10,Non-Hodgkin Lymphoma,SRR40709687,Genomic profiling of non-Hodgkin lymphoma exome cohort
20,10,Non-Hodgkin Lymphoma,SRR40709688,Genomic profiling of non-Hodgkin lymphoma exome cohort
