Patient_Index,Cancer_Class_ID,Cancer_Name,SRA_Run_Accession,Total_Spots,Total_Bases
1,1,Lung Cancer,SRR40755076,1907099,572129700
2,1,Lung Cancer,SRR39676747,2119734,317960100
3,1,Lung Cancer,SRR39676748,2167878,325181700
4,1,Lung Cancer,SRR39676749,2572439,385865850
5,1,Lung Cancer,SRR39676750,2438195,365729250
6,1,Lung Cancer,SRR39676751,2291951,343792650
7,1,Lung Cancer,SRR39676752,2774573,416185950
8,1,Lung Cancer,SRR39676753,2783926,417588900
9,1,Lung Cancer,SRR39676754,2375781,356367150
10,1,Lung Cancer,SRR39676755,1736435,260465250
11,1,Lung Cancer,SRR39676756,2890687,433603050
12,1,Lung Cancer,SRR39676757,5470665,820599750
13,1,Lung Cancer,SRR39676758,2223011,333451650
14,1,Lung Cancer,SRR39676759,4487709,673156350
15,1,Lung Cancer,SRR39676761,3983052,597457800
16,1,Lung Cancer,SRR39676762,3573457,536018550
17,1,Lung Cancer,SRR39676763,2354569,353185350
18,1,Lung Cancer,SRR39676764,4475206,671280900
19,1,Lung Cancer,SRR39676765,1830664,278260928
20,1,Lung Cancer,SRR39676766,2198655,334195560
21,1,Lung Cancer,SRR39676767,1643264,249776128
22,1,Lung Cancer,SRR39676768,2420901,363135150
23,1,Lung Cancer,SRR39676769,1076401,161460150
24,1,Lung Cancer,SRR39676770,1821764,273264600
25,1,Lung Cancer,SRR39676771,1332622,399786600
26,1,Lung Cancer,SRR39676772,7025576,1053836400
27,1,Lung Cancer,SRR39676773,2623916,398835232
28,1,Lung Cancer,SRR39676774,1613640,242046000
29,1,Lung Cancer,SRR39676775,2840173,426025950
30,1,Lung Cancer,SRR39676776,2970568,445585200
31,1,Lung Cancer,SRR39676777,3054148,458122200
32,1,Lung Cancer,SRR39676778,2504390,375658500
33,1,Lung Cancer,SRR39676779,2093847,314077050
34,1,Lung Cancer,SRR39676780,2501101,375165150
35,1,Lung Cancer,SRR39676781,1953285,292992750
36,1,Lung Cancer,SRR39676782,2684649,408066648
37,1,Lung Cancer,SRR39676783,2961352,450125504
38,1,Lung Cancer,SRR39676784,1628456,247525312
39,1,Lung Cancer,SRR39676785,3201928,480289200
40,1,Lung Cancer,SRR39676786,2700420,410463840
41,1,Lung Cancer,SRR39676787,2200663,334500776
42,1,Lung Cancer,SRR39676788,1713148,260398496
43,1,Lung Cancer,SRR39676789,1464895,222664040
44,1,Lung Cancer,SRR39676790,1740110,264496720
45,1,Lung Cancer,SRR39676791,1579144,240029888
46,1,Lung Cancer,SRR39676792,985023,149723496
47,1,Lung Cancer,SRR39676793,2606669,396213688
48,1,Lung Cancer,SRR39676794,1102524,167583648
49,1,Lung Cancer,SRR39676795,1221276,185633952
50,1,Lung Cancer,SRR39676796,2014326,302148900
51,1,Lung Cancer,SRR39676797,1122814,170667728
52,1,Lung Cancer,SRR39676798,1204620,183102240
53,1,Lung Cancer,SRR39676799,1540309,234126968
54,1,Lung Cancer,SRR39676800,1543982,234685264
55,1,Lung Cancer,SRR39676801,1725806,262322512
56,1,Lung Cancer,SRR39676802,1943963,295482376
57,1,Lung Cancer,SRR39676803,984962,149714224
58,1,Lung Cancer,SRR39676804,1744545,265170840
59,1,Lung Cancer,SRR39676805,2206191,335341032
60,1,Lung Cancer,SRR39676806,1877058,285312816
61,1,Lung Cancer,SRR39676807,2711599,412163048
62,1,Lung Cancer,SRR39676808,1207783,183583016
63,1,Lung Cancer,SRR39676809,2131584,324000768
64,1,Lung Cancer,SRR39676810,2196133,333812216
65,1,Lung Cancer,SRR39676811,3154069,479418488
66,1,Lung Cancer,SRR39676812,2928352,445109504
67,1,Lung Cancer,SRR39676813,1807970,274811440
68,1,Lung Cancer,SRR39676814,1759278,267410256
69,1,Lung Cancer,SRR39676815,1473932,224037664
70,1,Lung Cancer,SRR39676816,2457354,373517808
71,1,Lung Cancer,SRR39676817,2321269,352832888
72,1,Lung Cancer,SRR39676818,2936877,446405304
73,1,Lung Cancer,SRR39676819,1794104,272703808
74,1,Lung Cancer,SRR39676820,2121426,318213900
75,1,Lung Cancer,SRR39676821,1647386,250402672
76,1,Lung Cancer,SRR39676822,1869699,284194248
77,1,Lung Cancer,SRR39676823,2529181,384435512
78,1,Lung Cancer,SRR39676824,1867974,283932048
79,1,Lung Cancer,SRR39676825,1703041,258862232
80,1,Lung Cancer,SRR39676827,3712473,556870950
81,1,Lung Cancer,SRR39676828,2868321,430248150
82,1,Lung Cancer,SRR39676829,2664531,399679650
83,1,Lung Cancer,SRR39676830,2678424,407120448
84,1,Lung Cancer,SRR39453242,1436790,433910580
85,1,Lung Cancer,SRR39453243,1783330,538565660
86,1,Lung Cancer,SRR39453244,2397116,723929032
87,1,Lung Cancer,SRR39453245,946979,285987658
88,1,Lung Cancer,SRR39453246,2930614,885045428
89,1,Lung Cancer,SRR39453247,3086649,932167998
90,1,Lung Cancer,SRR39453248,2959366,893728532
91,1,Lung Cancer,SRR39453249,763424,230554048
92,1,Lung Cancer,SRR39453250,1231171,371813642
93,1,Lung Cancer,SRR39453251,880758,265988916
94,1,Lung Cancer,SRR39453252,841800,254223600
95,1,Lung Cancer,SRR39453253,2382420,719490840
96,1,Lung Cancer,SRR39453254,1787465,539814430
97,1,Lung Cancer,SRR39453255,2218971,670129242
98,1,Lung Cancer,SRR39453256,1201603,362884106
99,1,Lung Cancer,SRR39453258,2235168,675020736
100,1,Lung Cancer,SRR39453259,1741739,526005178
